Sr. Number,Temperature,Voltage,Current,Resistance,X-axis,Y-axis
 1, 59, 1.98, 6.6647E-08, 29708764.0854052, 3.012, 9.071
 2, 60, 1.98, 6.7059E-08, 29526238.0888471, 3.003, 9.069
 3, 61, 1.98, 6.6853E-08, 29617219.8704621, 2.994, 9.07
 4, 62, 1.98, 6.7059E-08, 29526238.0888471, 2.985, 9.069
 5, 63, 1.98, 6.6647E-08, 29708764.0854052, 2.976, 9.071
 6, 64, 1.98, 6.6441E-08, 29800875.965142, 2.967, 9.073
 7, 65, 1.98, 6.6236E-08, 29893109.4872879, 2.959, 9.074
 8, 66, 1.98, 6.6441E-08, 29800875.965142, 2.95, 9.073
 9, 67, 1.98, 6.603E-08, 29986369.8318946, 2.941, 9.076
 10, 68, 1.98, 6.5824E-08, 30080213.9037433, 2.933, 9.077
 11, 69, 1.98, 6.6236E-08, 29893109.4872879, 2.924, 9.074
 12, 70, 1.98, 6.5619E-08, 30174187.3542724, 2.915, 9.078
 13, 71, 1.98, 6.603E-08, 29986369.8318946, 2.907, 9.076
 14, 72, 1.98, 6.603E-08, 29986369.8318946, 2.899, 9.076
 15, 73, 1.98, 6.5824E-08, 30080213.9037433, 2.89, 9.077
 16, 74, 1.98, 6.5619E-08, 30174187.3542724, 2.882, 9.078
 17, 75, 1.98, 6.5824E-08, 30080213.9037433, 2.874, 9.077
 18, 76, 1.98, 6.5824E-08, 30080213.9037433, 2.865, 9.077
 19, 77, 1.98, 6.5824E-08, 30080213.9037433, 2.857, 9.077
 20, 78, 1.98, 6.603E-08, 29986369.8318946, 2.849, 9.076
 21, 79, 1.98, 6.6236E-08, 29893109.4872879, 2.841, 9.074
 22, 80, 1.98, 6.5619E-08, 30174187.3542724, 2.833, 9.078
 23, 81, 1.98, 6.5824E-08, 30080213.9037433, 2.825, 9.077
 24, 82, 1.98, 6.5824E-08, 30080213.9037433, 2.817, 9.077
 25, 83, 1.98, 6.5619E-08, 30174187.3542724, 2.809, 9.078
 26, 84, 1.98, 6.5619E-08, 30174187.3542724, 2.801, 9.078
 27, 85, 1.98, 6.6236E-08, 29893109.4872879, 2.793, 9.074
 28, 86, 1.98, 6.6236E-08, 29893109.4872879, 2.786, 9.074
 29, 87, 1.98, 6.6441E-08, 29800875.965142, 2.778, 9.073
 30, 88, 1.98, 6.6441E-08, 29800875.965142, 2.77, 9.073
 31, 89, 1.98, 6.6236E-08, 29893109.4872879, 2.762, 9.074
 32, 90, 1.98, 6.6647E-08, 29708764.0854052, 2.755, 9.071
 33, 91, 1.98, 6.6441E-08, 29800875.965142, 2.747, 9.073
 34, 92, 1.98, 6.6441E-08, 29800875.965142, 2.74, 9.073
 35, 93, 1.98, 6.6647E-08, 29708764.0854052, 2.732, 9.071
 36, 94, 1.98, 6.6853E-08, 29617219.8704621, 2.725, 9.07
 37, 95, 1.98, 6.7059E-08, 29526238.0888471, 2.717, 9.069
 38, 96, 1.98, 6.6853E-08, 29617219.8704621, 2.71, 9.07
 39, 97, 1.98, 6.7264E-08, 29436251.1893435, 2.703, 9.067
 40, 98, 1.98, 6.7264E-08, 29436251.1893435, 2.695, 9.067
 41, 99, 1.98, 6.7881E-08, 29168692.2702965, 2.688, 9.064
 42, 100, 1.98, 6.8293E-08, 28992722.5337882, 2.681, 9.061
 43, 101, 1.98, 6.8498E-08, 28905953.4584951, 2.674, 9.06
 44, 102, 1.98, 6.8498E-08, 28905953.4584951, 2.667, 9.06
 45, 103, 1.98, 6.9733E-08, 28394017.1798144, 2.66, 9.052
 46, 104, 1.98, 6.9321E-08, 28562773.1856147, 2.653, 9.054
 47, 105, 1.98, 6.9733E-08, 28394017.1798144, 2.646, 9.052
 48, 106, 1.98, 7.035E-08, 28144989.3390192, 2.639, 9.048
 49, 107, 1.98, 7.035E-08, 28144989.3390192, 2.632, 9.048
 50, 108, 1.98, 7.0555E-08, 28063213.0961661, 2.625, 9.047
 51, 109, 1.98, 7.035E-08, 28144989.3390192, 2.618, 9.048
 52, 110, 1.98, 7.0967E-08, 27900291.6848676, 2.611, 9.044
 53, 111, 1.98, 7.1584E-08, 27659812.2485472, 2.604, 9.04
 54, 112, 1.98, 7.2818E-08, 27191079.1287868, 2.597, 9.033
 55, 113, 1.98, 7.2818E-08, 27191079.1287868, 2.591, 9.033
 56, 114, 1.98, 7.3024E-08, 27114373.3567046, 2.584, 9.032
 57, 115, 1.98, 7.4052E-08, 26737967.9144385, 2.577, 9.026
 58, 116, 1.98, 7.4464E-08, 26590030.0816502, 2.571, 9.023
 59, 117, 1.98, 7.4875E-08, 26444073.4557596, 2.564, 9.021
 60, 118, 1.98, 7.5904E-08, 26085581.7875211, 2.558, 9.015
 61, 119, 1.98, 7.6109E-08, 26015320.1329672, 2.551, 9.014
 62, 120, 1.98, 7.7344E-08, 25599917.2527927, 2.545, 9.007
 63, 121, 1.98, 7.7755E-08, 25464600.3472446, 2.538, 9.005
 64, 122, 1.98, 7.8578E-08, 25197892.5398967, 2.532, 9
 65, 123, 1.98, 7.9195E-08, 25001578.3824736, 2.525, 8.997
 66, 124, 1.98, 8.0429E-08, 24617986.0498079, 2.519, 8.99
 67, 125, 1.98, 8.0635E-08, 24555093.9418367, 2.513, 8.989
 68, 126, 1.98, 8.1252E-08, 24368630.926008, 2.506, 8.985
 69, 127, 1.98, 8.1663E-08, 24245986.5544984, 2.5, 8.983
 70, 128, 1.98, 8.2898E-08, 23884774.0596878, 2.494, 8.977
 71, 129, 1.98, 8.3515E-08, 23708315.8714003, 2.488, 8.974
 72, 130, 1.98, 8.4337E-08, 23477240.1199948, 2.481, 8.969
 73, 131, 1.98, 8.4955E-08, 23306456.359249, 2.475, 8.966
 74, 132, 1.98, 8.6189E-08, 22972769.1468749, 2.469, 8.96
 75, 133, 1.98, 8.66E-08, 22863741.3394919, 2.463, 8.958
 76, 134, 1.98, 8.7834E-08, 22542523.3964069, 2.457, 8.952
 77, 135, 1.98, 8.8657E-08, 22333261.8969737, 2.451, 8.948
 78, 136, 1.98, 9.0508E-08, 21876519.2027224, 2.445, 8.939
 79, 137, 1.98, 9.092E-08, 21777386.7135944, 2.439, 8.937
 80, 138, 1.98, 9.1743E-08, 21582028.0566365, 2.433, 8.933
 81, 139, 1.98, 9.2565E-08, 21390374.3315508, 2.427, 8.929
 82, 140, 1.98, 9.4005E-08, 21062709.4303495, 2.421, 8.922
 83, 141, 1.98, 9.4828E-08, 20879908.8876703, 2.415, 8.918
 84, 142, 1.98, 9.5857E-08, 20655768.4884776, 2.41, 8.914
 85, 143, 1.98, 9.7502E-08, 20307275.7481898, 2.404, 8.906
 86, 144, 1.98, 9.8531E-08, 20095198.4654576, 2.398, 8.902
 87, 145, 1.98, 9.9559E-08, 19887704.7780713, 2.392, 8.897
 88, 146, 1.98, 1.0059E-07, 19683865.1953475, 2.387, 8.893
 89, 147, 1.98, 1.0203E-07, 19406057.0420465, 2.381, 8.887
 90, 148, 1.98, 1.0347E-07, 19135981.4438968, 2.375, 8.88
 91, 149, 1.98, 1.045E-07, 18947368.4210526, 2.37, 8.876
 92, 150, 1.98, 1.0573E-07, 18726945.9945143, 2.364, 8.871
 93, 151, 1.98, 1.0717E-07, 18475319.585705, 2.358, 8.865
 94, 152, 1.98, 1.0902E-07, 18161805.1733627, 2.353, 8.858
 95, 153, 1.98, 1.0984E-07, 18026219.9563001, 2.347, 8.855
 96, 154, 1.98, 1.117E-07, 17726051.9247986, 2.342, 8.847
 97, 155, 1.98, 1.1334E-07, 17469560.6140815, 2.336, 8.841
 98, 156, 1.98, 1.1499E-07, 17218888.5990086, 2.331, 8.835
 99, 157, 1.98, 1.1684E-07, 16946251.2838069, 2.326, 8.828
 100, 158, 1.98, 1.1848E-07, 16711681.2964213, 2.32, 8.822
 101, 159, 1.98, 1.2034E-07, 16453382.0840951, 2.315, 8.815
 102, 160, 1.98, 1.2239E-07, 16177792.3032928, 2.309, 8.808
 103, 161, 1.98, 1.2424E-07, 15936896.3296845, 2.304, 8.801
 104, 162, 1.98, 1.2651E-07, 15650936.684847, 2.299, 8.793
 105, 163, 1.98, 1.2877E-07, 15376252.2326629, 2.294, 8.635
 106, 164, 1.98, 1.3103E-07, 15111043.272533, 2.288, 8.627
 107, 165, 1.98, 1.3247E-07, 14946780.4031101, 2.283, 8.622
 108, 166, 1.98, 1.3535E-07, 14628740.3029184, 2.278, 8.613
 109, 167, 1.98, 1.3823E-07, 14323952.8322361, 2.273, 8.604
 110, 168, 1.98, 1.4029E-07, 14113621.7834486, 2.268, 8.597
 111, 169, 1.98, 1.4276E-07, 13869431.213225, 2.262, 8.59
 112, 170, 1.98, 1.4543E-07, 13614797.4970776, 2.257, 8.582
 113, 171, 1.98, 1.481E-07, 13369345.0371371, 2.252, 8.574
 114, 172, 1.98, 1.514E-07, 13077939.2338177, 2.247, 8.564
 115, 173, 1.98, 1.5469E-07, 12799793.1346564, 2.242, 8.555
 116, 174, 1.98, 1.5757E-07, 12565843.7519832, 2.237, 8.547
 117, 175, 1.98, 1.6127E-07, 12277546.9709183, 2.232, 8.537
 118, 176, 1.98, 1.6415E-07, 12062138.2881511, 2.227, 8.529
 119, 177, 1.98, 1.6847E-07, 11752834.3325221, 2.222, 8.518
 120, 178, 1.98, 1.7197E-07, 11513636.0993196, 2.217, 8.509
 121, 179, 1.98, 1.7608E-07, 11244888.6869605, 2.212, 8.499
 122, 180, 1.98, 1.8019E-07, 10988401.1321383, 2.208, 8.489
 123, 181, 1.98, 1.8472E-07, 10718925.9419662, 2.203, 8.478
 124, 182, 1.98, 1.8801E-07, 10531354.7151747, 2.198, 8.47
 125, 183, 1.98, 1.9356E-07, 10229386.2368258, 2.193, 8.458
 126, 184, 1.98, 1.9932E-07, 9933774.83443709, 2.188, 8.445
 127, 185, 1.98, 2.0426E-07, 9693527.85665328, 2.183, 8.434
 128, 186, 1.98, 2.0982E-07, 9436659.99428081, 2.179, 8.423
 129, 187, 1.98, 2.1496E-07, 9211016.0029773, 2.174, 8.412
 130, 188, 1.98, 2.2092E-07, 8962520.36936448, 2.169, 8.4
 131, 189, 1.98, 2.2607E-07, 8758349.1838811, 2.165, 8.39
 132, 190, 1.98, 2.3224E-07, 8525663.10713056, 2.16, 8.379
 133, 191, 1.98, 2.4026E-07, 8241072.17181387, 2.155, 8.364
 134, 192, 1.98, 2.4725E-07, 8008088.97876643, 2.151, 8.351
 135, 193, 1.98, 2.5527E-07, 7756493.12492655, 2.146, 8.338
 136, 194, 1.98, 2.6124E-07, 7579237.48277446, 2.141, 8.327
 137, 195, 1.98, 2.6947E-07, 7347756.70761124, 2.137, 8.314
 138, 196, 1.98, 2.7749E-07, 7135392.26638798, 2.132, 8.301
 139, 197, 1.98, 2.8531E-07, 6939819.84508079, 2.128, 8.289
 140, 198, 1.98, 2.9395E-07, 6735839.42847423, 2.123, 8.276
 141, 199, 1.98, 2.795477E-07, 7082869.93597157, 2.119, 8.298
 142, 200, 1.98, 2.795477E-07, 7082869.93597157, 2.114, 8.298
 143, 201, 1.98, 3.001178E-07, 6597409.4172355, 2.11, 8.267
 144, 202, 1.98, 3.206879E-07, 6174227.34066362, 2.105, 8.238
 145, 203, 1.98, 3.618281E-07, 5472211.80444526, 2.101, 8.186
 146, 204, 1.98, 3.206879E-07, 6174227.34066362, 2.096, 8.238
 147, 205, 1.98, 3.823982E-07, 5177848.64050092, 2.092, 8.162
 148, 206, 1.98, 4.029683E-07, 4913537.86389649, 2.088, 8.139
 149, 207, 1.98, 4.029683E-07, 4913537.86389649, 2.083, 8.139
 150, 208, 1.98, 4.441085E-07, 4458369.97040138, 2.079, 8.097
 151, 209, 1.98, 4.646786E-07, 4261009.65269328, 2.075, 8.077
 152, 210, 1.98, 4.441085E-07, 4458369.97040138, 2.07, 8.097
 153, 211, 1.98, 4.852487E-07, 4080381.87428426, 2.066, 8.059
 154, 212, 1.98, 5.058188E-07, 3914445.25193607, 2.062, 8.041
 155, 213, 1.98, 5.058188E-07, 3914445.25193607, 2.058, 8.041
 156, 214, 1.98, 5.675291E-07, 3488807.88667929, 2.053, 7.991
 157, 215, 1.98, 5.675291E-07, 3488807.88667929, 2.049, 7.991
 158, 216, 1.98, 6.292395E-07, 3146655.60569545, 2.045, 7.946
 159, 217, 1.98, 6.292395E-07, 3146655.60569545, 2.041, 7.946
 160, 218, 1.98, 6.498096E-07, 3047046.3963598, 2.037, 7.932
 161, 219, 1.98, 6.909498E-07, 2865620.62830035, 2.033, 7.905
 162, 220, 1.98, 7.526601E-07, 2630669.54127102, 2.028, 7.868
 163, 221, 1.98, 7.526601E-07, 2630669.54127102, 2.024, 7.868
 164, 222, 1.98, 7.938003E-07, 2494330.12308007, 2.02, 7.845
 165, 223, 1.98, 8.349405E-07, 2371426.46691591, 2.016, 7.823
 166, 224, 1.98, 8.555106E-07, 2314407.32587066, 2.012, 7.812
 167, 225, 1.98, 9.172209E-07, 2158694.81386654, 2.008, 7.782
 168, 226, 1.98, 9.172209E-07, 2158694.81386654, 2.004, 7.782
 169, 227, 1.98, 9.583611E-07, 2066027.09563232, 2, 7.763
 170, 228, 1.98, 9.789312E-07, 2022614.05091594, 1.996, 7.754
 171, 229, 1.98, 1.061212E-06, 1865791.18969631, 1.992, 7.719
 172, 230, 1.98, 1.122922E-06, 1763256.93146986, 1.988, 7.694
 173, 231, 1.98, 1.122922E-06, 1763256.93146986, 1.984, 7.694
 174, 232, 1.98, 1.164062E-06, 1700940.32792068, 1.98, 7.679
 175, 233, 1.98, 1.225772E-06, 1615308.5565668, 1.976, 7.656
 176, 234, 1.98, 1.225772E-06, 1615308.5565668, 1.972, 7.656
 177, 235, 1.98, 1.328623E-06, 1490264.73273457, 1.969, 7.621
 178, 236, 1.98, 1.369763E-06, 1445505.53635921, 1.965, 7.608
 179, 237, 1.98, 1.452044E-06, 1363595.04257447, 1.961, 7.583
 180, 238, 1.98, 1.513754E-06, 1308006.45283183, 1.957, 7.564
 181, 239, 1.98, 1.534324E-06, 1290470.59160907, 1.953, 7.559
 182, 240, 1.98, 1.616604E-06, 1224789.74442721, 1.949, 7.536
 183, 241, 1.98, 1.678315E-06, 1179754.69444055, 1.946, 7.52
 184, 242, 1.98, 1.740025E-06, 1137914.68513383, 1.942, 7.504
 185, 243, 1.98, 1.822305E-06, 1086536.00796793, 1.938, 7.484
 186, 244, 1.98, 1.884016E-06, 1050946.48877717, 1.934, 7.469
 187, 245, 1.98, 1.966296E-06, 1006969.4491572, 1.931, 7.451
 188, 246, 1.98, 2.069147E-06, 956916.062512717, 1.927, 7.429
 189, 247, 1.98, 2.130857E-06, 929203.602118772, 1.923, 7.416
 190, 248, 1.98, 2.171997E-06, 911603.469065565, 1.919, 7.408
 191, 249, 1.98, 2.274848E-06, 870387.823713936, 1.916, 7.388
 192, 250, 1.98, 2.377698E-06, 832738.2199085, 1.912, 7.368
 193, 251, 1.98, 2.439409E-06, 811672.007441147, 1.908, 7.357
 194, 252, 1.98, 2.521689E-06, 785188.022789488, 1.905, 7.343
 195, 253, 1.98, 2.64511E-06, 748551.099954255, 1.901, 7.322
 196, 254, 1.98, 2.72739E-06, 725968.783342316, 1.898, 7.309
 197, 255, 1.98, 2.80967E-06, 704709.093950535, 1.894, 7.296
 198, 256, 1.98, 2.933091E-06, 675055.76881181, 1.89, 7.277
 199, 257, 1.98, 3.035942E-06, 652186.372466931, 1.887, 7.262
 200, 258, 1.98, 3.159362E-06, 626708.810196489, 1.883, 7.245
 201, 259, 1.98, 3.303353E-06, 599390.98243512, 1.88, 7.226
 202, 260, 1.98, 3.406203E-06, 581292.42443859, 1.876, 7.212
 203, 261, 1.98, 3.509054E-06, 564254.639569525, 1.873, 7.199
 204, 262, 1.98, 3.632475E-06, 545082.898024075, 1.869, 7.184
 205, 263, 1.98, 3.776465E-06, 524299.841253659, 1.866, 7.167
 206, 264, 1.98, 3.899886E-06, 507707.148362798, 1.862, 7.153
 207, 265, 1.98, 4.023306E-06, 492132.589467468, 1.859, 7.14
 208, 266, 1.98, 4.167297E-06, 475128.12261761, 1.855, 7.125
 209, 267, 1.98, 4.249578E-06, 465928.616912079, 1.852, 7.116
 210, 268, 1.98, 4.393568E-06, 450658.781200154, 1.848, 7.102
 211, 269, 1.98, 4.619839E-06, 428586.364156846, 1.845, 7.08
 212, 270, 1.98, 4.72269E-06, 419252.586979031, 1.842, 7.07
 213, 271, 1.98, 4.866681E-06, 406848.11681719, 1.838, 7.057
 214, 272, 1.98, 5.031242E-06, 393540.998425438, 1.835, 7.043
 215, 273, 1.98, 5.216372E-06, 379574.156137637, 1.832, 7.027
 216, 274, 1.98, 5.422073E-06, 365173.984193868, 1.828, 7.01
 217, 275, 1.98, 5.566064E-06, 355727.135009587, 1.825, 6.999
 218, 276, 1.98, 5.751195E-06, 344276.276495581, 1.821, 6.985
 219, 277, 1.98, 5.915756E-06, 334699.40274751, 1.818, 6.972
 220, 278, 1.98, 6.100887E-06, 324542.972194043, 1.815, 6.959
 221, 279, 1.98, 6.327158E-06, 312936.708708712, 1.812, 6.943
 222, 280, 1.98, 6.512289E-06, 304040.560853488, 1.808, 6.931
 223, 281, 1.98, 6.7797E-06, 292048.320722156, 1.805, 6.913
 224, 282, 1.98, 6.985401E-06, 283448.294521675, 1.802, 6.9
 225, 283, 1.98, 7.129392E-06, 277723.542203879, 1.799, 6.891
 226, 284, 1.98, 7.540794E-06, 262571.819360136, 1.795, 6.867
 227, 285, 1.98, 7.725925E-06, 256279.992363374, 1.792, 6.857
 228, 286, 1.98, 7.952196E-06, 248987.826758797, 1.789, 6.844
 229, 287, 1.98, 8.199037E-06, 241491.775192623, 1.786, 6.831
 230, 288, 1.98, 8.528159E-06, 232172.031501758, 1.783, 6.814
 231, 289, 1.98, 8.775E-06, 225641.025641026, 1.779, 6.801
 232, 290, 1.98, 9.001271E-06, 219968.935498109, 1.776, 6.79
 233, 291, 1.98, 9.392103E-06, 210815.405239913, 1.773, 6.772
 234, 292, 1.98, 9.721225E-06, 203678.0344041, 1.77, 6.757
 235, 293, 1.98, 1.007092E-05, 196605.672570133, 1.767, 6.741
 236, 294, 1.98, 1.029719E-05, 192285.468171414, 1.764, 6.732
 237, 295, 1.98, 1.058517E-05, 187054.152177055, 1.761, 6.72
 238, 296, 1.98, 1.081144E-05, 183139.341290337, 1.757, 6.711
 239, 297, 1.98, 1.103771E-05, 179385.035482904, 1.754, 6.702
 240, 298, 1.98, 1.146968E-05, 172629.053295297, 1.751, 6.685
 241, 299, 1.98, 1.181938E-05, 167521.477437903, 1.748, 6.672
 242, 300, 1.98, 1.223078E-05, 161886.649911126, 1.745, 6.657
 243, 301, 1.98, 1.253933E-05, 157903.173455041, 1.742, 6.646
 244, 302, 1.98, 1.303301E-05, 151921.927474927, 1.739, 6.629
 245, 303, 1.98, 1.33827E-05, 147952.206953754, 1.736, 6.618
 246, 304, 1.98, 1.385582E-05, 142900.239754847, 1.733, 6.603
 247, 305, 1.98, 1.422608E-05, 139180.997154522, 1.73, 6.591
 248, 306, 1.98, 1.471976E-05, 134513.062712979, 1.727, 6.577
 249, 309, 1.99, 2.05701E-06, 967423.590551334, 1.718, 7.431
 250, 310, 1.99, 2.05701E-06, 967423.590551334, 1.715, 7.431
 251, 311, 1.99, 1.64561E-05, 120927.801848555, 1.712, 6.528
 252, 312, 1.98, 1.64561E-05, 120320.124452331, 1.709, 6.528
 253, 313, 1.99, 1.64561E-05, 120927.801848555, 1.706, 6.528
 254, 314, 1.98, 1.64561E-05, 120320.124452331, 1.704, 6.528
 255, 315, 1.98, 1.64561E-05, 120320.124452331, 1.701, 6.528
 256, 316, 1.98, 1.85131E-05, 106951.293948609, 1.698, 6.477
 257, 317, 1.98, 1.85131E-05, 106951.293948609, 1.695, 6.477
 258, 318, 1.98, 1.85131E-05, 106951.293948609, 1.692, 6.477
 259, 319, 1.98, 2.05701E-05, 96256.2165473187, 1.689, 6.431
 260, 320, 1.98, 2.05701E-05, 96256.2165473187, 1.686, 6.431
 261, 321, 1.98, 2.05701E-05, 96256.2165473187, 1.684, 6.431
 262, 322, 1.98, 2.26271E-05, 87505.6900795948, 1.681, 6.39
 263, 323, 1.98, 2.26271E-05, 87505.6900795948, 1.678, 6.39
 264, 324, 1.98, 2.26271E-05, 87505.6900795948, 1.675, 6.39
 265, 325, 1.98, 2.46841E-05, 80213.5787814828, 1.672, 6.352
 266, 326, 1.98, 2.46841E-05, 80213.5787814828, 1.669, 6.352
 267, 327, 1.98, 2.46841E-05, 80213.5787814828, 1.667, 6.352
 268, 328, 1.98, 2.67411E-05, 74043.3265647262, 1.664, 6.317
 269, 329, 1.98, 2.67411E-05, 74043.3265647262, 1.661, 6.317
 270, 330, 1.98, 2.87981E-05, 68754.5358895205, 1.658, 6.285
 271, 331, 1.98, 2.87981E-05, 68754.5358895205, 1.656, 6.285
 272, 332, 1.98, 3.08552E-05, 64170.7070445176, 1.653, 6.255
 273, 333, 1.98, 3.08552E-05, 64170.7070445176, 1.65, 6.255
 274, 334, 1.98, 3.08552E-05, 64170.7070445176, 1.647, 6.255
 275, 335, 1.98, 3.29122E-05, 60160.0622261654, 1.645, 6.227
 276, 336, 1.99, 3.29122E-05, 60463.9009242773, 1.642, 6.227
 277, 337, 1.98, 3.29122E-05, 60160.0622261654, 1.639, 6.227
 278, 338, 1.98, 3.29122E-05, 60160.0622261654, 1.637, 6.227
 279, 339, 1.98, 3.49692E-05, 56621.2552760715, 1.634, 6.201
 280, 340, 1.98, 3.49692E-05, 56621.2552760715, 1.631, 6.201
 281, 341, 1.98, 3.49692E-05, 56621.2552760715, 1.629, 6.201
 282, 342, 1.98, 3.49692E-05, 56621.2552760715, 1.626, 6.201
 283, 343, 1.98, 3.70262E-05, 53475.6469743047, 1.623, 6.176
 284, 344, 1.98, 3.70262E-05, 53475.6469743047, 1.621, 6.176
 285, 345, 1.98, 3.90832E-05, 50661.1536414623, 1.618, 6.153
 286, 346, 1.98, 4.11402E-05, 48128.1082736593, 1.616, 6.13
 287, 347, 1.98, 4.11402E-05, 48128.1082736593, 1.613, 6.13
 288, 348, 1.98, 4.31972E-05, 45836.3042049022, 1.61, 6.109
 289, 349, 1.98, 4.52542E-05, 43752.8450397974, 1.608, 6.089
 290, 350, 1.98, 4.52542E-05, 43752.8450397974, 1.605, 6.089
 291, 351, 1.98, 4.73112E-05, 41850.555471009, 1.603, 6.07
 292, 352, 1.98, 4.73112E-05, 41850.555471009, 1.6, 6.07
 293, 353, 1.98, 4.93682E-05, 40106.7893907414, 1.597, 6.051
 294, 354, 1.98, 4.93682E-05, 40106.7893907414, 1.595, 6.051
 295, 355, 1.98, 5.14253E-05, 38502.4491835731, 1.592, 6.033
 296, 356, 1.98, 5.34823E-05, 37021.5940600909, 1.59, 6.016
 297, 357, 1.98, 5.34823E-05, 37021.5940600909, 1.587, 6.016
 298, 358, 1.98, 5.55393E-05, 35650.4313162031, 1.585, 6
 299, 359, 1.98, 5.55393E-05, 35650.4313162031, 1.582, 6
 300, 360, 1.98, 5.75963E-05, 34377.2082581694, 1.58, 5.984
 301, 361, 1.98, 5.96533E-05, 33191.7932453024, 1.577, 5.969
 302, 362, 1.99, 6.17103E-05, 32247.4530183778, 1.575, 5.954
 303, 363, 1.99, 6.37673E-05, 31207.2174923511, 1.572, 5.94
 304, 364, 1.98, 6.37673E-05, 31050.3973039473, 1.57, 5.94
 305, 365, 1.98, 6.58243E-05, 30080.0768105396, 1.567, 5.926
 306, 366, 1.98, 6.78813E-05, 29168.5633598649, 1.565, 5.913
 307, 367, 1.98, 6.78813E-05, 29168.5633598649, 1.563, 5.913
 308, 368, 1.98, 6.99384E-05, 28310.6276380358, 1.56, 5.9
 309, 369, 1.98, 7.19954E-05, 27501.7570567008, 1.558, 5.887
 310, 370, 1.98, 7.19954E-05, 27501.7570567008, 1.555, 5.887
 311, 371, 1.98, 7.40524E-05, 26737.8234871523, 1.553, 5.875
 312, 372, 1.98, 7.61094E-05, 26015.183407043, 1.55, 5.863
 313, 373, 1.98, 7.81664E-05, 25330.5768207312, 1.548, 5.851
 314, 374, 1.98, 7.81664E-05, 25330.5768207312, 1.546, 5.851
 315, 375, 1.98, 8.02234E-05, 24681.0780894353, 1.543, 5.84
 316, 376, 1.98, 8.22804E-05, 24064.0541368297, 1.541, 5.829
 317, 377, 1.98, 8.43374E-05, 23477.1287708656, 1.538, 5.818
 318, 378, 1.98, 8.63944E-05, 22918.1521024511, 1.536, 5.808
 319, 379, 1.98, 8.63944E-05, 22918.1521024511, 1.534, 5.808
 320, 380, 1.99, 8.84514E-05, 22498.2306667842, 1.531, 5.798
 321, 381, 1.98, 9.25655E-05, 21390.2587897219, 1.529, 5.778
 322, 382, 1.98, 9.25655E-05, 21390.2587897219, 1.527, 5.778
 323, 383, 1.98, 9.46225E-05, 20925.2556210204, 1.524, 5.769
 324, 384, 1.98, 9.66795E-05, 20480.0397188649, 1.522, 5.759
 325, 385, 1.98, 9.87365E-05, 20053.374385359, 1.52, 5.75
 326, 386, 1.98, .000100794, 19644.0264301447, 1.517, 5.741
 327, 387, 1.98, .000102851, 19251.1497214417, 1.515, 5.732
 328, 388, 1.98, .000104908, 18873.6797956305, 1.513, 5.724
 329, 389, 1.98, .000106965, 18510.7278081615, 1.511, 5.715
 330, 390, 1.98, .000109022, 18161.4719964778, 1.508, 5.707
 331, 391, 1.98, .000111079, 17825.1514687745, 1.506, 5.699
 332, 392, 1.98, .000113136, 17501.0606703437, 1.504, 5.691
 333, 393, 1.98, .000115193, 17188.5444428047, 1.502, 5.683
 334, 394, 1.98, .000119307, 16595.8409816691, 1.499, 5.668
 335, 395, 1.98, .000121364, 16314.5578590027, 1.497, 5.66
 336, 396, 1.98, .000121364, 16314.5578590027, 1.495, 5.66
 337, 397, 1.98, .000123421, 16042.6507644566, 1.493, 5.653
 338, 398, 1.98, .000125478, 15779.6585855688, 1.49, 5.646
 339, 399, 1.98, .000129592, 15278.7209086981, 1.488, 5.632
 340, 400, 1.98, .000131649, 15039.9927078823, 1.486, 5.625
 341, 401, 1.98, .000133706, 14808.609935231, 1.484, 5.618
 342, 402, 1.98, .00013782, 14366.5650848933, 1.481, 5.605
 343, 403, 1.98, .000139877, 14155.293579359, 1.479, 5.599
 344, 404, 1.99, .000143991, 13820.3082137078, 1.477, 5.586
 345, 405, 1.99, .000146048, 13625.657318142, 1.475, 5.58
 346, 406, 1.99, .000150162, 13252.3541242125, 1.473, 5.568
 347, 407, 1.98, .000152219, 13007.5746128933, 1.471, 5.562
 348, 408, 1.99, .000154276, 12898.9603049081, 1.468, 5.556
 349, 409, 1.99, .00015839, 12563.9244901825, 1.466, 5.545
 350, 410, 1.98, .000160447, 12340.5236620192, 1.464, 5.539
 351, 411, 1.98, .000162504, 12184.315463004, 1.462, 5.534
 352, 412, 1.98, .000164561, 12032.0124452331, 1.46, 5.528
 353, 413, 1.98, .000168675, 11738.5504668742, 1.458, 5.517
 354, 414, 1.98, .000172789, 11459.0627875617, 1.456, 5.507
 355, 415, 1.98, .000174846, 11324.2510552143, 1.453, 5.502
 356, 416, 1.98, .000176903, 11192.5744617107, 1.451, 5.497
 357, 417, 1.98, .00017896, 11063.9248994189, 1.449, 5.492
 358, 418, 1.98, .000183074, 10815.2987316604, 1.447, 5.482
 359, 419, 1.98, .000187188, 10577.6011282775, 1.445, 5.472
 360, 420, 1.98, .000189245, 10462.6278105102, 1.443, 5.467
 361, 421, 1.98, .000193359, 10240.0198594325, 1.441, 5.458
 362, 422, 1.98, .000197473, 10026.6871926795, 1.439, 5.449
 363, 423, 1.98, .00019953, 9923.3198015336, 1.437, 5.445
 364, 424, 1.98, .000201587, 9822.06193851786, 1.435, 5.44
 365, 425, 1.98, .000207758, 9530.31892875365, 1.433, 5.427
 366, 426, 1.98, .000211872, 9345.26506570004, 1.431, 5.418
 367, 427, 1.98, .000213929, 9255.40716779866, 1.429, 5.414
 368, 428, 1.98, .000218043, 9080.77764477649, 1.427, 5.406
 369, 429, 1.98, .000222157, 8912.61585275278, 1.425, 5.398
 370, 430, 1.98, .000226271, 8750.56900795948, 1.422, 5.39
 371, 431, 1.99, .000232442, 8561.27550098519, 1.42, 5.378
 372, 432, 1.98, .000236556, 8370.1110942018, 1.418, 5.371
 373, 433, 1.98, .000238613, 8297.95526647752, 1.416, 5.367
 374, 434, 1.98, .000242727, 8157.31253630622, 1.414, 5.359
 375, 435, 1.98, .000246841, 8021.35787814828, 1.412, 5.352
 376, 436, 1.98, .000250955, 7889.86073200374, 1.41, 5.345
 377, 437, 1.98, .000255069, 7762.60541265305, 1.408, 5.338
 378, 438, 1.98, .000259183, 7639.38992912344, 1.406, 5.331
 379, 439, 1.98, .000263297, 7520.02491483002, 1.404, 5.324
 380, 440, 1.98, .000267411, 7404.33265647262, 1.403, 5.317
 381, 441, 1.98, .000271525, 7292.14621121444, 1.401, 5.311
 382, 442, 1.99, .000277696, 7166.10970269647, 1.399, 5.301
 383, 443, 1.98, .00028181, 7026.01043256094, 1.397, 5.295
 384, 444, 1.98, .000287981, 6875.45358895205, 1.395, 5.285
 385, 445, 1.98, .000294152, 6731.21379422883, 1.393, 5.276
 386, 446, 1.99, .000298266, 6671.89689740031, 1.391, 5.27
 387, 447, 1.98, .000304438, 6503.78730644663, 1.389, 5.261
 388, 448, 1.98, .000308552, 6417.07070445176, 1.387, 5.255
 389, 449, 1.98, .000314723, 6291.24658826969, 1.385, 5.247
 390, 450, 1.98, .000320894, 6170.26183100962, 1.383, 5.238
 391, 451, 1.98, .000327065, 6053.8425083699, 1.381, 5.23
 392, 452, 1.98, .000331179, 5978.63994999683, 1.379, 5.224
 393, 453, 1.98, .000339407, 5833.70407799486, 1.377, 5.214
 394, 454, 1.98, .000345578, 5729.53139378085, 1.376, 5.206
 395, 455, 1.98, .000351749, 5629.0138706862, 1.374, 5.198
 396, 456, 1.98, .000359977, 5500.35141134017, 1.372, 5.188
 397, 457, 1.98, .000366148, 5407.64936583021, 1.37, 5.181
 398, 458, 1.98, .000372319, 5318.02029979668, 1.368, 5.174
 399, 459, 1.98, .000376433, 5259.90016815741, 1.366, 5.169
 400, 460, 1.99, .000380547, 5229.31464444602, 1.364, 5.164
 401, 461, 1.99, .000388775, 5118.64188798148, 1.362, 5.155
 402, 462, 1.98, .000397003, 4987.36785364342, 1.361, 5.146
 403, 463, 1.98, .000401117, 4936.21561788705, 1.359, 5.141
 404, 464, 1.98, .000409345, 4836.99568823364, 1.357, 5.132
 405, 465, 1.98, .000417573, 4741.68588486325, 1.355, 5.124
 406, 466, 1.98, .000423744, 4672.63253285002, 1.353, 5.117
 407, 467, 1.98, .000431972, 4583.63042049022, 1.351, 5.109
 408, 468, 1.98, .000438143, 4519.07254024371, 1.35, 5.103
 409, 469, 1.98, .000448428, 4415.4245497605, 1.348, 5.093
 410, 470, 1.98, .000454599, 4355.4869236404, 1.346, 5.087
 411, 471, 1.98, .000462827, 4278.05637959756, 1.344, 5.079
 412, 472, 1.98, .000468998, 4221.76640412113, 1.342, 5.073
 413, 473, 1.98, .000479283, 4131.17093658653, 1.34, 5.064
 414, 474, 1.98, .000483397, 4096.0121804645, 1.339, 5.06
 415, 475, 1.98, .000491625, 4027.45995423341, 1.337, 5.053
 416, 476, 1.98, .000499854, 3961.15665774406, 1.335, 5.046
 417, 477, 1.98, .000508082, 3897.00875055601, 1.333, 5.039
 418, 478, 1.98, .000518367, 3819.6875958539, 1.332, 5.03
 419, 479, 1.98, .000528652, 3745.37502931986, 1.33, 5.021
 420, 480, 1.98, .000538937, 3673.89880449849, 1.328, 5.013
 421, 481, 1.98, .000543051, 3646.06639155438, 1.326, 5.01
 422, 482, 1.98, .000559507, 3538.82971973541, 1.325, 4.997
 423, 483, 1.98, .000567735, 3487.5426035034, 1.323, 4.99
 424, 484, 1.98, .000575963, 3437.72082581694, 1.321, 4.984
 425, 485, 1.98, .000584191, 3389.3024712808, 1.319, 4.978
 426, 486, 1.98, .000596533, 3319.17932453024, 1.318, 4.969
 427, 487, 1.98, .000604761, 3274.02064617262, 1.316, 4.963
 428, 488, 1.98, .000612989, 3230.07427539483, 1.314, 4.957
 429, 489, 1.98, .000621217, 3187.29204126738, 1.312, 4.951
 430, 490, 1.98, .000631502, 3135.38199403961, 1.311, 4.944
 431, 491, 1.98, .000641787, 3085.13572259955, 1.309, 4.937
 432, 492, 1.98, .000652072, 3036.47449974849, 1.307, 4.93
 433, 493, 1.98, .0006603, 2998.63698318946, 1.305, 4.925
 434, 494, 1.99, .000674699, 2949.46339034147, 1.304, 4.915
 435, 495, 1.98, .000684984, 2890.57846606636, 1.302, 4.909
 436, 496, 1.99, .000699384, 2845.36106059046, 1.3, 4.9
 437, 497, 1.98, .000707612, 2798.14361542766, 1.299, 4.895
 438, 498, 1.99, .000713783, 2787.96216777368, 1.297, 4.891
 439, 499, 1.99, .000724068, 2748.36065120955, 1.295, 4.885
 440, 500, 1.98, .000740524, 2673.78234871523, 1.294, 4.875
 441, 501, 2, .000750809, 2663.79332160376, 1.292, 4.869
 442, 500, 2, .000761094, 2627.79630374172, 1.294, 4.863
 443, 499, 2, .000767265, 2606.66132301095, 1.295, 4.86
 444, 498, 2, .000767265, 2606.66132301095, 1.297, 4.86
 445, 497, 2, .000767265, 2606.66132301095, 1.299, 4.86
 446, 496, 2, .000765208, 2613.66844047632, 1.3, 4.861
 447, 495, 2, .000765208, 2613.66844047632, 1.302, 4.861
 448, 494, 2, .000761094, 2627.79630374172, 1.304, 4.863
 449, 493, 2, .000759037, 2634.91766541025, 1.305, 4.864
 450, 492, 2, .00075698, 2642.07772992681, 1.307, 4.865
 451, 491, 2, .00075698, 2642.07772992681, 1.309, 4.865
 452, 490, 2, .000750809, 2663.79332160376, 1.311, 4.869
 453, 489, 2, .000746695, 2678.46979020885, 1.312, 4.871
 454, 488, 2, .000742581, 2693.30887808872, 1.314, 4.874
 455, 487, 2, .00073641, 2715.87838296601, 1.316, 4.877
 456, 486, 2, .000734353, 2723.48584400145, 1.318, 4.879
 457, 485, 2, .000730239, 2738.82934217427, 1.319, 4.881
 458, 484, 2, .000726125, 2754.34670339129, 1.321, 4.883
 459, 483, 2, .000717897, 2785.91497108917, 1.323, 4.888
 460, 482, 2, .00071584, 2793.92042914618, 1.325, 4.89
 461, 481, 2, .000711726, 2810.07016745208, 1.326, 4.892
 462, 480, 2, .000705555, 2834.64790129756, 1.328, 4.896
 463, 479, 2, .000703498, 2842.93629832636, 1.33, 4.897
 464, 478, 2, .000693212, 2885.1202806645, 1.332, 4.904
 465, 477, 2, .000689098, 2902.34480436745, 1.333, 4.906
 466, 476, 2, .000684984, 2919.77622834986, 1.335, 4.909
 467, 475, 2, .000678813, 2946.31953129949, 1.337, 4.913
 468, 474, 2, .000676756, 2955.27487011567, 1.339, 4.914
 469, 473, 2, .000672642, 2973.34986515858, 1.34, 4.917
 470, 472, 2, .000664414, 3010.17136905604, 1.342, 4.922
 471, 471, 2, .0006603, 3028.92624564592, 1.344, 4.925
 472, 470, 2, .000650015, 3076.85207264448, 1.346, 4.932
 473, 469, 2, .000645901, 3096.44976552134, 1.348, 4.934
 474, 468, 2, .000635616, 3146.5538941751, 1.35, 4.941
 475, 467, 2, .000633559, 3156.76992987236, 1.351, 4.943
 476, 466, 2, .000627388, 3187.81997743023, 1.353, 4.947
 477, 465, 2, .000623274, 3208.86159217294, 1.355, 4.95
 478, 464, 2, .000612989, 3262.7012882776, 1.357, 4.957
 479, 463, 2, .000608875, 3284.74645863272, 1.359, 4.96
 480, 462, 2, .00059859, 3341.18511836148, 1.361, 4.967
 481, 461, 2, .000594476, 3364.30739003761, 1.362, 4.97
 482, 460, 2, .000590362, 3387.75192170228, 1.364, 4.973
 483, 459, 2, .000580077, 3447.81813448904, 1.366, 4.981
 484, 458, 2, .000575963, 3472.44527860297, 1.368, 4.984
 485, 457, 2, .000569792, 3510.05279119398, 1.37, 4.989
 486, 456, 2, .000565678, 3535.58031247459, 1.372, 4.992
 487, 455, 2, .000559507, 3574.57547448021, 1.374, 4.997
 488, 454, 2, .000553336, 3614.44041233536, 1.376, 5.002
 489, 453, 2, .000543051, 3682.89534500443, 1.377, 5.01
 490, 452, 2, .000538937, 3711.00889343281, 1.379, 5.013
 491, 451, 2, .000532766, 3753.99331038392, 1.381, 5.018
 492, 450, 2, .000526595, 3797.98516886792, 1.383, 5.023
 493, 449, 2, .000524538, 3812.8791431698, 1.385, 5.025
 494, 448, 2, .000514253, 3889.136281169, 1.387, 5.033
 495, 447, 2, .000510139, 3920.50009899263, 1.389, 5.037
 496, 446, 2, .000501911, 3984.77020826402, 1.391, 5.044
 497, 445, 2, .000497796, 4017.7100659708, 1.393, 5.047
 498, 444, 2, .000489568, 4085.23432904111, 1.395, 5.055
 499, 443, 2, .000485454, 4119.85481631627, 1.397, 5.058
 500, 442, 2, .000477226, 4190.88649822097, 1.399, 5.066
 501, 441, 2, .000468998, 4264.41050921326, 1.401, 5.073
 502, 440, 2, .000466941, 4283.19637812914, 1.403, 5.075
 503, 439, 2, .000458713, 4360.02467773968, 1.404, 5.083
 504, 438, 2, .000450485, 4439.65947811803, 1.406, 5.091
 505, 437, 2, .000448428, 4460.02479773787, 1.408, 5.093
 506, 436, 2, .000438143, 4564.71973761991, 1.41, 5.103
 507, 435, 2, .000436086, 4586.2513357457, 1.412, 5.105
 508, 434, 2, .000429915, 4652.0823883791, 1.414, 5.111
 509, 433, 2, .000421687, 4742.85429714456, 1.416, 5.12
 510, 432, 2, .000417573, 4789.58170188207, 1.418, 5.124
 511, 431, 2, .000407288, 4910.530140834, 1.42, 5.135
 512, 430, 2, .000403174, 4960.63734268579, 1.422, 5.139
 513, 429, 2, .000397003, 5037.74530671053, 1.425, 5.146
 514, 428, 2, .000394946, 5063.98343064621, 1.427, 5.148
 515, 427, 2, .000390832, 5117.28824661236, 1.429, 5.153
 516, 426, 2, .000384661, 5199.38335313432, 1.431, 5.159
 517, 425, 2, .00037849, 5284.15545985363, 1.433, 5.166
 518, 424, 2, .000374376, 5342.22279205932, 1.435, 5.171
 519, 423, 2, .000368205, 5431.75676593202, 1.437, 5.178
 520, 422, 2, .000364091, 5493.13221145263, 1.439, 5.183
 521, 421, 2, .000359977, 5555.91051650522, 1.441, 5.188
 522, 420, 2, .000353806, 5652.81538470235, 1.443, 5.196
 523, 419, 2, .000351749, 5685.87259665273, 1.445, 5.198
 524, 418, 2, .000345578, 5787.40544826349, 1.447, 5.206
 525, 417, 2, .000343521, 5822.06036894397, 1.449, 5.209
 526, 416, 2, .00033735, 5928.56084185564, 1.451, 5.216
 527, 415, 2, .000331179, 6039.03025252205, 1.453, 5.224
 528, 414, 2, .000329122, 6076.77396223893, 1.456, 5.227
 529, 413, 2.01, .000320894, 6263.75064663097, 1.458, 5.238
 530, 412, 2, .000318837, 6272.7976991378, 1.46, 5.241
 531, 411, 2, .000310609, 6438.96345566291, 1.462, 5.252
 532, 410, 2.01, .000306495, 6558.01889100964, 1.464, 5.258
 533, 409, 2, .000300324, 6659.47443427765, 1.466, 5.267
 534, 408, 2, .000300324, 6659.47443427765, 1.468, 5.267
 535, 407, 2, .000294152, 6799.2058527564, 1.471, 5.276
 536, 406, 2, .000290038, 6895.64815644847, 1.473, 5.282
 537, 405, 2, .000285924, 6994.8657685259, 1.475, 5.288
 538, 404, 2, .00028181, 7096.98023491005, 1.477, 5.295
 539, 403, 2.01, .000277696, 7238.13090573865, 1.479, 5.301
 540, 402, 2.01, .000273582, 7346.97458166107, 1.481, 5.307
 541, 401, 2.01, .000269468, 7459.14171627058, 1.484, 5.314
 542, 400, 2.01, .000267411, 7516.51951490402, 1.486, 5.317
 543, 399, 2, .000259183, 7716.55548396307, 1.488, 5.331
 544, 398, 2.01, .000257126, 7817.17912618716, 1.49, 5.334
 545, 397, 2.01, .000253012, 7944.28722748328, 1.493, 5.341
 546, 396, 2.01, .000248898, 8075.59723260131, 1.495, 5.348
 547, 395, 2.01, .000244784, 8211.32100137264, 1.497, 5.356
 548, 394, 2.01, .000242727, 8280.90818079571, 1.499, 5.359
 549, 393, 2.01, .000238613, 8423.68186142415, 1.502, 5.367
 550, 392, 2.01, .000234499, 8571.46512351865, 1.504, 5.374
 551, 391, 2.01, .000232442, 8647.31847084434, 1.506, 5.378
 552, 390, 2, .000226271, 8838.95859389847, 1.508, 5.39
 553, 389, 2.01, .000224214, 8964.64984345313, 1.511, 5.394
 554, 388, 2.01, .000222157, 9047.6554868854, 1.513, 5.398
 555, 387, 2.01, .000218043, 9218.36518484886, 1.515, 5.406
 556, 386, 2.01, .000213929, 9395.640609735, 1.517, 5.414
 557, 385, 2.01, .000211872, 9486.85999093792, 1.52, 5.418
 558, 384, 2.01, .000207758, 9674.71770040143, 1.522, 5.427
 559, 383, 2.01, .000205701, 9771.46440707629, 1.524, 5.431
 560, 382, 2.01, .000201587, 9970.88105879843, 1.527, 5.44
 561, 381, 2.01, .000197473, 10178.6066955989, 1.529, 5.449
 562, 380, 2.01, .000193359, 10395.1716754845, 1.531, 5.458
 563, 379, 2.01, .000191302, 10506.9471307148, 1.534, 5.463
 564, 378, 2.01, .000189245, 10621.1524743058, 1.536, 5.467
 565, 377, 2.01, .000187188, 10737.8678120392, 1.538, 5.472
 566, 376, 2.01, .000183074, 10979.1668942613, 1.541, 5.482
 567, 375, 2.01, .00017896, 11231.5601251676, 1.543, 5.492
 568, 374, 2.01, .000176903, 11362.1589232517, 1.546, 5.497
 569, 373, 2.01, .000172789, 11632.6849510096, 1.548, 5.507
 570, 372, 2.01, .000170732, 11772.8369608509, 1.55, 5.512
 571, 371, 2.01, .000168675, 11916.4072921298, 1.553, 5.517
 572, 370, 2.01, .000166618, 12063.5225485842, 1.555, 5.523
 573, 369, 2.01, .000164561, 12214.3156641002, 1.558, 5.528
 574, 368, 2.01, .000162504, 12368.9263033525, 1.56, 5.534
 575, 367, 2.01, .00015839, 12690.1950880737, 1.563, 5.545
 576, 366, 2.01, .000154276, 13028.5980969172, 1.565, 5.556
 577, 365, 2, .000152219, 13138.9642554477, 1.567, 5.562
 578, 364, 2, .000150162, 13318.9488685553, 1.57, 5.568
 579, 363, 2.01, .000148105, 13571.4526855947, 1.572, 5.574
 580, 362, 2, .000141934, 14091.0564064988, 1.575, 5.592
 581, 361, 2.01, .000139877, 14369.7677245008, 1.577, 5.599
 582, 360, 2.01, .000135763, 14805.2120238946, 1.58, 5.612
 583, 359, 2, .000133706, 14958.1918537687, 1.582, 5.618
 584, 358, 2, .000131649, 15191.9118261438, 1.585, 5.625
 585, 357, 2.01, .000129592, 15510.216680042, 1.587, 5.632
 586, 356, 2.01, .000127535, 15760.3795036657, 1.59, 5.639
 587, 355, 2, .000125478, 15939.0490763321, 1.592, 5.646
 588, 354, 2, .000123421, 16204.6977418754, 1.595, 5.653
 589, 353, 2, .000121364, 16479.35137273, 1.597, 5.66
 590, 352, 2, .00011725, 17057.5692963753, 1.6, 5.675
 591, 351, 2, .000115193, 17362.1661038431, 1.603, 5.683
 592, 350, 2, .000113136, 17677.8390609532, 1.605, 5.691
 593, 349, 2.01, .000113136, 17766.228256258, 1.608, 5.691
 594, 348, 2.01, .000111079, 18095.2295213317, 1.61, 5.699
 595, 347, 2, .000109022, 18344.9212085634, 1.613, 5.707
 596, 346, 2, .000106965, 18697.7048567288, 1.616, 5.715
 597, 345, 2, .000104908, 19064.3230258893, 1.618, 5.724
 598, 344, 2, .000102851, 19445.605779234, 1.621, 5.732
 599, 343, 2, .000100794, 19842.4509395401, 1.623, 5.741
 600, 342, 2, 9.87365E-05, 20255.9337225849, 1.626, 5.75
 601, 341, 2.01, 9.87365E-05, 20357.2133911978, 1.629, 5.75
 602, 340, 2.01, 9.66795E-05, 20790.3433509689, 1.631, 5.759
 603, 339, 2.01, 9.66795E-05, 20790.3433509689, 1.634, 5.759
 604, 338, 2.01, 9.46225E-05, 21242.3049486116, 1.637, 5.769
 605, 337, 2.01, 9.25655E-05, 21714.3536198692, 1.639, 5.778
 606, 336, 2.01, 9.05085E-05, 22207.8589303767, 1.642, 5.788
 607, 335, 2, 8.84514E-05, 22611.2871022957, 1.645, 5.798
 608, 334, 2, 8.63944E-05, 23149.6485883344, 1.647, 5.808
 609, 333, 2, 8.63944E-05, 23149.6485883344, 1.65, 5.808
 610, 332, 2, 8.43374E-05, 23714.2714857228, 1.653, 5.818
 611, 331, 2, 8.43374E-05, 23714.2714857228, 1.656, 5.818
 612, 330, 2, 8.22804E-05, 24307.125390737, 1.658, 5.829
 613, 329, 2, 8.02234E-05, 24930.3819085205, 1.661, 5.84
 614, 328, 2, 7.81664E-05, 25586.4412330618, 1.664, 5.851
 615, 327, 2, 7.81664E-05, 25586.4412330618, 1.667, 5.851
 616, 326, 2, 7.81664E-05, 25586.4412330618, 1.669, 5.851
 617, 325, 2, 7.61094E-05, 26277.9630374172, 1.672, 5.863
 618, 324, 2, 7.40524E-05, 27007.9025122751, 1.675, 5.875
 619, 323, 2, 7.19954E-05, 27779.5525825261, 1.678, 5.887
 620, 322, 2, 7.19954E-05, 27779.5525825261, 1.681, 5.887
 621, 321, 2, 6.99384E-05, 28596.5935737735, 1.684, 5.9
 622, 320, 2.01, 6.99384E-05, 28739.5765416424, 1.686, 5.9
 623, 319, 2.01, 6.99384E-05, 28739.5765416424, 1.689, 5.9
 624, 318, 2.01, 6.78813E-05, 29610.5112895599, 1.692, 5.913
 625, 317, 2, 6.58243E-05, 30383.915970242, 1.695, 5.926
 626, 316, 2, 6.58243E-05, 30383.915970242, 1.698, 5.926
 627, 315, 2, 6.37673E-05, 31364.0376807549, 1.701, 5.94
 628, 314, 2, 6.17103E-05, 32409.5005209827, 1.704, 5.954
 629, 313, 2, 6.17103E-05, 32409.5005209827, 1.706, 5.954
 630, 312, 2.01, 6.17103E-05, 32571.5480235876, 1.709, 5.954
 631, 311, 2.01, 5.96533E-05, 33694.6992035646, 1.712, 5.969
 632, 310, 2.01, 5.96533E-05, 33694.6992035646, 1.715, 5.969
 633, 309, 2, 5.96533E-05, 33527.0638841439, 1.718, 5.969
 634, 308, 2.01, 5.75963E-05, 34898.0750499598, 1.721, 5.984
 635, 307, 2.01, 5.75963E-05, 34898.0750499598, 1.724, 5.984
 636, 306, 2.01, 5.75963E-05, 34898.0750499598, 1.727, 5.984
 637, 305, 2.01, 5.55393E-05, 36190.5893664486, 1.73, 6
 638, 304, 2.01, 5.55393E-05, 36190.5893664486, 1.733, 6
 639, 303, 2.01, 5.34823E-05, 37582.5273034256, 1.736, 6.016
 640, 302, 2, 5.14253E-05, 38891.36281169, 1.739, 6.033
 641, 301, 2.01, 5.14253E-05, 39085.8196257484, 1.742, 6.033
 642, 300, 2.01, 5.14253E-05, 39085.8196257484, 1.745, 6.033
 643, 299, 2.01, 5.14253E-05, 39085.8196257484, 1.748, 6.033
 644, 298, 2.01, 4.93682E-05, 40714.4680178738, 1.751, 6.051
 645, 297, 2.01, 4.93682E-05, 40714.4680178738, 1.754, 6.051
 646, 296, 2, 4.73112E-05, 42273.2883545545, 1.757, 6.07
 647, 295, 2.01, 4.73112E-05, 42484.6547963273, 1.761, 6.07
 648, 294, 2, 4.73112E-05, 42273.2883545545, 1.764, 6.07
 649, 293, 2, 4.52542E-05, 44194.7929694923, 1.767, 6.089
 650, 292, 2.01, 4.52542E-05, 44415.7669343398, 1.77, 6.089
 651, 291, 2.01, 4.52542E-05, 44415.7669343398, 1.773, 6.089
 652, 290, 2, 4.31972E-05, 46299.2971766689, 1.776, 6.109
 653, 289, 2, 4.31972E-05, 46299.2971766689, 1.779, 6.109
 654, 288, 2, 4.31972E-05, 46299.2971766689, 1.783, 6.109
 655, 287, 2, 4.11402E-05, 48614.2507814741, 1.786, 6.13
 656, 286, 2, 4.11402E-05, 48614.2507814741, 1.789, 6.13
 657, 285, 2.01, 4.11402E-05, 48857.3220353814, 1.792, 6.13
 658, 284, 2.01, 4.11402E-05, 48857.3220353814, 1.795, 6.13
 659, 283, 2, 3.90832E-05, 51172.8824661236, 1.799, 6.153
 660, 282, 2.01, 3.90832E-05, 51428.7468784542, 1.802, 6.153
 661, 281, 2.01, 3.90832E-05, 51428.7468784542, 1.805, 6.153
 662, 280, 2.01, 3.90832E-05, 51428.7468784542, 1.808, 6.153
 663, 279, 2.01, 3.90832E-05, 51428.7468784542, 1.812, 6.153
 664, 278, 2.01, 3.90832E-05, 51428.7468784542, 1.815, 6.153
 665, 277, 2.01, 3.70262E-05, 54285.8840496729, 1.818, 6.176
 666, 276, 2.01, 3.70262E-05, 54285.8840496729, 1.821, 6.176
 667, 275, 2.01, 3.70262E-05, 54285.8840496729, 1.825, 6.176
 668, 274, 2.01, 3.49692E-05, 57479.1530832847, 1.828, 6.201
 669, 273, 2, 3.49692E-05, 57193.187147547, 1.832, 6.201
 670, 272, 2.01, 3.49692E-05, 57479.1530832847, 1.835, 6.201
 671, 271, 2.01, 3.49692E-05, 57479.1530832847, 1.838, 6.201
 672, 270, 2.01, 3.29122E-05, 61071.5783205012, 1.842, 6.227
 673, 269, 2.01, 3.29122E-05, 61071.5783205012, 1.845, 6.227
 674, 268, 2.01, 3.29122E-05, 61071.5783205012, 1.848, 6.227
 675, 267, 2.01, 3.29122E-05, 61071.5783205012, 1.852, 6.227
 676, 266, 2.01, 3.29122E-05, 61071.5783205012, 1.855, 6.227
 677, 265, 2.01, 3.29122E-05, 61071.5783205012, 1.859, 6.227
 678, 264, 2.01, 3.29122E-05, 61071.5783205012, 1.862, 6.227
 679, 263, 2.01, 3.08552E-05, 65142.9904845861, 1.866, 6.255
 680, 262, 2.01, 3.08552E-05, 65142.9904845861, 1.869, 6.255
 681, 261, 2.01, 3.08552E-05, 65142.9904845861, 1.873, 6.255
 682, 260, 2.01, 3.08552E-05, 65142.9904845861, 1.876, 6.255
 683, 259, 2.01, 3.08552E-05, 65142.9904845861, 1.88, 6.255
 684, 258, 2.01, 3.08552E-05, 65142.9904845861, 1.883, 6.255
 685, 257, 2.01, 2.87981E-05, 69796.2712817859, 1.887, 6.285
 686, 256, 2.01, 2.87981E-05, 69796.2712817859, 1.89, 6.285
 687, 255, 2.01, 2.87981E-05, 69796.2712817859, 1.894, 6.285
 688, 254, 2.01, 2.87981E-05, 69796.2712817859, 1.898, 6.285
 689, 253, 2.01, 2.87981E-05, 69796.2712817859, 1.901, 6.285
 690, 252, 2.01, 2.87981E-05, 69796.2712817859, 1.905, 6.285
 691, 251, 2.01, 2.87981E-05, 69796.2712817859, 1.908, 6.285
 692, 250, 2.01, 2.67411E-05, 75165.1951490402, 1.912, 6.317
 693, 249, 2.01, 2.67411E-05, 75165.1951490402, 1.916, 6.317
 694, 248, 2.01, 2.67411E-05, 75165.1951490402, 1.919, 6.317
 695, 247, 2.01, 2.67411E-05, 75165.1951490402, 1.923, 6.317
 696, 246, 2.01, 2.67411E-05, 75165.1951490402, 1.927, 6.317
 697, 245, 2.01, 2.67411E-05, 75165.1951490402, 1.931, 6.317
 698, 244, 2.01, 2.67411E-05, 75165.1951490402, 1.934, 6.317
 699, 243, 2.01, 2.46841E-05, 81428.9360357477, 1.938, 6.352
 700, 242, 2.01, 2.67411E-05, 75165.1951490402, 1.942, 6.317
 701, 241, 2.01, 2.46841E-05, 81428.9360357477, 1.946, 6.352
 702, 240, 2.01, 2.67411E-05, 75165.1951490402, 1.949, 6.317
 703, 239, 2.01, 2.46841E-05, 81428.9360357477, 1.953, 6.352
 704, 238, 2.01, 2.46841E-05, 81428.9360357477, 1.957, 6.352
 705, 237, 2.01, 2.46841E-05, 81428.9360357477, 1.961, 6.352
 706, 236, 2.01, 2.46841E-05, 81428.9360357477, 1.965, 6.352
 707, 235, 2.01, 2.26271E-05, 88831.5338686796, 1.969, 6.39
 708, 234, 2.01, 2.26271E-05, 88831.5338686796, 1.972, 6.39
 709, 233, 2.01, 2.46841E-05, 81428.9360357477, 1.976, 6.352
 710, 232, 2.01, 2.26271E-05, 88831.5338686796, 1.98, 6.39
 711, 231, 2.01, 2.26271E-05, 88831.5338686796, 1.984, 6.39
 712, 230, 2.01, 2.26271E-05, 88831.5338686796, 1.988, 6.39
 713, 229, 2.01, 2.26271E-05, 88831.5338686796, 1.992, 6.39
 714, 228, 2.01, 2.26271E-05, 88831.5338686796, 1.996, 6.39
 715, 227, 2.01, 2.26271E-05, 88831.5338686796, 2, 6.39
 716, 226, 2.01, 2.26271E-05, 88831.5338686796, 2.004, 6.39
 717, 225, 2.01, 2.26271E-05, 88831.5338686796, 2.008, 6.39
 718, 224, 2.01, 2.26271E-05, 88831.5338686796, 2.012, 6.39
 719, 223, 2.01, 2.05701E-05, 97714.6440707629, 2.016, 6.431
 720, 222, 2.01, 2.05701E-05, 97714.6440707629, 2.02, 6.431
 721, 221, 2.01, 2.05701E-05, 97714.6440707629, 2.024, 6.431
 722, 220, 2.01, 2.05701E-05, 97714.6440707629, 2.028, 6.431
 723, 219, 2.01, 2.26271E-05, 88831.5338686796, 2.033, 6.39
 724, 218, 2.01, 2.05701E-05, 97714.6440707629, 2.037, 6.431
 725, 217, 2.01, 2.26271E-05, 88831.5338686796, 2.041, 6.39
 726, 216, 2.01, 2.26271E-05, 88831.5338686796, 2.045, 6.39
 727, 215, 2.01, 2.05701E-05, 97714.6440707629, 2.049, 6.431
 728, 214, 2.01, 2.05701E-05, 97714.6440707629, 2.053, 6.431
 729, 213, 2.01, 2.05701E-05, 97714.6440707629, 2.058, 6.431
 730, 212, 2.01, 2.05701E-05, 97714.6440707629, 2.062, 6.431
 731, 211, 2.01, 2.05701E-05, 97714.6440707629, 2.066, 6.431
 732, 210, 2.01, 2.05701E-05, 97714.6440707629, 2.07, 6.431
 733, 209, 2.01, 2.05701E-05, 97714.6440707629, 2.075, 6.431
 734, 208, 2.01, 2.05701E-05, 97714.6440707629, 2.079, 6.431
 735, 207, 2.01, 2.05701E-05, 97714.6440707629, 2.083, 6.431
 736, 206, 2.01, 2.05701E-05, 97714.6440707629, 2.088, 6.431
 737, 205, 2.01, 2.05701E-05, 97714.6440707629, 2.092, 6.431
 738, 204, 2.01, 2.05701E-05, 97714.6440707629, 2.096, 6.431
 739, 203, 2.01, 2.05701E-05, 97714.6440707629, 2.101, 6.431
 740, 202, 2.01, 2.05701E-05, 97714.6440707629, 2.105, 6.431
 741, 201, 2.01, 2.05701E-05, 97714.6440707629, 2.11, 6.431
 742, 200, 2.01, 1.85131E-05, 108571.768099346, 2.114, 6.477
 743, 199, 2.01, 2.05701E-05, 97714.6440707629, 2.119, 6.431
 744, 198, 2.01, 2.05701E-05, 97714.6440707629, 2.123, 6.431
 745, 197, 2.01, 2.05701E-05, 97714.6440707629, 2.128, 6.431
 746, 196, 2.01, 1.85131E-05, 108571.768099346, 2.132, 6.477
 747, 195, 2.01, 1.85131E-05, 108571.768099346, 2.137, 6.477
 748, 194, 2.01, 1.85131E-05, 108571.768099346, 2.141, 6.477
 749, 193, 2.01, 1.85131E-05, 108571.768099346, 2.146, 6.477
 750, 192, 2.01, 1.85131E-05, 108571.768099346, 2.151, 6.477
 751, 191, 2.01, 1.85131E-05, 108571.768099346, 2.155, 6.477
 752, 190, 2.01, 1.85131E-05, 108571.768099346, 2.16, 6.477
 753, 189, 2.01, 1.85131E-05, 108571.768099346, 2.165, 6.477
 754, 188, 2.01, 1.85131E-05, 108571.768099346, 2.169, 6.477
 755, 187, 2.01, 1.85131E-05, 108571.768099346, 2.174, 6.477
 756, 186, 2.01, 1.85131E-05, 108571.768099346, 2.179, 6.477
 757, 185, 2.01, 1.85131E-05, 108571.768099346, 2.183, 6.477
 758, 184, 2.01, 1.85131E-05, 108571.768099346, 2.188, 6.477
 759, 183, 2, 1.85131E-05, 108031.6100491, 2.193, 6.477
 760, 182, 2.01, 1.85131E-05, 108571.768099346, 2.198, 6.477
 761, 181, 2.01, 1.85131E-05, 108571.768099346, 2.203, 6.477
 762, 180, 2.01, 1.85131E-05, 108571.768099346, 2.208, 6.477
 763, 179, 2.01, 1.85131E-05, 108571.768099346, 2.212, 6.477
 764, 178, 2.01, 1.85131E-05, 108571.768099346, 2.217, 6.477
 765, 177, 2.01, 1.85131E-05, 108571.768099346, 2.222, 6.477
 766, 176, 2.01, 1.85131E-05, 108571.768099346, 2.227, 6.477
 767, 175, 2.01, 1.85131E-05, 108571.768099346, 2.232, 6.477
 768, 174, 2.01, 1.85131E-05, 108571.768099346, 2.237, 6.477
 769, 173, 2.01, 1.85131E-05, 108571.768099346, 2.242, 6.477
 770, 172, 2.01, 1.85131E-05, 108571.768099346, 2.247, 6.477
 771, 171, 2.01, 1.85131E-05, 108571.768099346, 2.252, 6.477
 772, 170, 2.01, 1.85131E-05, 108571.768099346, 2.257, 6.477
 773, 169, 2.01, 1.85131E-05, 108571.768099346, 2.262, 6.477
 774, 168, 2.01, 1.85131E-05, 108571.768099346, 2.268, 6.477
 775, 167, 2.01, 1.85131E-05, 108571.768099346, 2.273, 6.477
 776, 166, 2.01, 1.85131E-05, 108571.768099346, 2.278, 6.477
 777, 165, 2.01, 1.85131E-05, 108571.768099346, 2.283, 6.477
 778, 164, 2.01, 1.85131E-05, 108571.768099346, 2.288, 6.477
 779, 163, 2.01, 1.85131E-05, 108571.768099346, 2.294, 6.477
 780, 162, 2.01, 1.85131E-05, 108571.768099346, 2.299, 6.477
 781, 161, 2.01, 1.85131E-05, 108571.768099346, 2.304, 6.477
 782, 160, 2.01, 1.85131E-05, 108571.768099346, 2.309, 6.477
 783, 159, 2.01, 1.85131E-05, 108571.768099346, 2.315, 6.477
 784, 158, 2.01, 1.85131E-05, 108571.768099346, 2.32, 6.477
 785, 157, 2.01, 1.85131E-05, 108571.768099346, 2.326, 6.477
 786, 156, 2.01, 1.85131E-05, 108571.768099346, 2.331, 6.477
 787, 155, 2.01, 1.85131E-05, 108571.768099346, 2.336, 6.477
 788, 154, 2.01, 1.85131E-05, 108571.768099346, 2.342, 6.477
 789, 153, 2.01, 1.85131E-05, 108571.768099346, 2.347, 6.477
 790, 152, 2.01, 1.85131E-05, 108571.768099346, 2.353, 6.477
 791, 151, 2.01, 1.85131E-05, 108571.768099346, 2.358, 6.477
 792, 150, 2.01, 1.85131E-05, 108571.768099346, 2.364, 6.477
 793, 149, 2.01, 1.85131E-05, 108571.768099346, 2.37, 6.477
 794, 148, 2.01, 1.85131E-05, 108571.768099346, 2.375, 6.477
 795, 147, 2.01, 1.85131E-05, 108571.768099346, 2.381, 6.477
 796, 146, 2.01, 1.64561E-05, 122143.156641002, 2.387, 6.528
 797, 145, 2.01, 1.85131E-05, 108571.768099346, 2.392, 6.477
 798, 144, 2.01, 1.85131E-05, 108571.768099346, 2.398, 6.477
 799, 143, 2.01, 1.85131E-05, 108571.768099346, 2.404, 6.477
 800, 142, 2.01, 1.85131E-05, 108571.768099346, 2.41, 6.477
 801, 141, 2.01, 1.64561E-05, 122143.156641002, 2.415, 6.528
 802, 140, 2.01, 1.85131E-05, 108571.768099346, 2.421, 6.477
 803, 139, 2.01, 1.64561E-05, 122143.156641002, 2.427, 6.528
 804, 138, 2.01, 1.85131E-05, 108571.768099346, 2.433, 6.477
 805, 137, 2.01, 1.85131E-05, 108571.768099346, 2.439, 6.477
 806, 136, 2.01, 1.85131E-05, 108571.768099346, 2.445, 6.477
 807, 135, 2.01, 2.05701E-05, 97714.6440707629, 2.451, 6.431
 808, 134, 2.01, 2.05701E-05, 97714.6440707629, 2.457, 6.431
 809, 133, 2.01, 2.05701E-05, 97714.6440707629, 2.463, 6.431
 810, 132, 2.01, 2.05701E-05, 97714.6440707629, 2.469, 6.431
 811, 133, 2.01, 2.05701E-05, 97714.6440707629, 2.463, 6.431
 812, 132, 2.01, 2.05701E-05, 97714.6440707629, 2.469, 6.431
 813, 131, 2.01, 2.05701E-05, 97714.6440707629, 2.475, 6.431
 814, 130, 2.01, 2.05701E-05, 97714.6440707629, 2.481, 6.431
 815, 129, 2.01, 2.05701E-05, 97714.6440707629, 2.488, 6.431
 816, 128, 2.01, 2.05701E-05, 97714.6440707629, 2.494, 6.431
 817, 127, 2.01, 2.05701E-05, 97714.6440707629, 2.5, 6.431
 818, 126, 2.01, 2.05701E-05, 97714.6440707629, 2.506, 6.431
 819, 125, 2.01, 2.05701E-05, 97714.6440707629, 2.513, 6.431
 820, 124, 2.01, 2.05701E-05, 97714.6440707629, 2.519, 6.431
 821, 123, 2.01, 2.05701E-05, 97714.6440707629, 2.525, 6.431
 822, 122, 2.01, 2.05701E-05, 97714.6440707629, 2.532, 6.431
 823, 121, 2.01, 2.05701E-05, 97714.6440707629, 2.538, 6.431
 824, 120, 2.01, 2.05701E-05, 97714.6440707629, 2.545, 6.431
 825, 119, 2.01, 2.05701E-05, 97714.6440707629, 2.551, 6.431
 826, 118, 2.01, 2.05701E-05, 97714.6440707629, 2.558, 6.431
 827, 117, 2.01, 2.05701E-05, 97714.6440707629, 2.564, 6.431
 828, 116, 2.01, 2.05701E-05, 97714.6440707629, 2.571, 6.431
 829, 115, 2.01, 2.05701E-05, 97714.6440707629, 2.577, 6.431
 830, 114, 2.01, 2.05701E-05, 97714.6440707629, 2.584, 6.431
 831, 113, 2.01, 2.05701E-05, 97714.6440707629, 2.591, 6.431
 832, 112, 2.01, 2.05701E-05, 97714.6440707629, 2.597, 6.431
 833, 111, 2.01, 2.05701E-05, 97714.6440707629, 2.604, 6.431
 834, 110, 2.01, 2.05701E-05, 97714.6440707629, 2.611, 6.431
 835, 109, 2.01, 1.85131E-05, 108571.768099346, 2.618, 6.477
 836, 108, 2, 1.64561E-05, 121535.479244779, 2.625, 6.528
 837, 107, 2, 1.64561E-05, 121535.479244779, 2.632, 6.528
 838, 106, 2, 1.64561E-05, 121535.479244779, 2.639, 6.528
 839, 105, 2, 1.64561E-05, 121535.479244779, 2.646, 6.528
 840, 104, 2.01, 1.64561E-05, 122143.156641002, 2.653, 6.528
 841, 103, 2.01, 1.64561E-05, 122143.156641002, 2.66, 6.528
 842, 102, 2, 1.64561E-05, 121535.479244779, 2.667, 6.528
 843, 101, 2, 1.64561E-05, 121535.479244779, 2.674, 6.528



































































































